id,member_id,loan_amnt,funded_amnt,funded_amnt_inv,term,int_rate,installment,grade,sub_grade,emp_title,emp_length,home_ownership,annual_inc,is_inc_v,issue_d,loan_status,pymnt_plan,url,desc,purpose,title,zip_code,addr_state,dti,delinq_2yrs,earliest_cr_line,inq_last_6mths,mths_since_last_delinq,mths_since_last_record,open_acc,pub_rec,revol_bal,revol_util,total_acc,initial_list_status,out_prncp,out_prncp_inv,total_pymnt,total_pymnt_inv,total_rec_prncp,total_rec_int,total_rec_late_fee,recoveries,collection_recovery_fee,last_pymnt_d,last_pymnt_amnt,next_pymnt_d,last_credit_pull_d,collections_12_mths_ex_med,mths_since_last_major_derog,policy_code,not_compliant,status,inactive_loans,bad_loans,emp_length_num,grade_num,sub_grade_num,delinq_2yrs_zero,pub_rec_zero,collections_12_mths_zero,short_emp,payment_inc_ratio,final_d,last_delinq_none,last_record_none,last_major_derog_none
1077501,1296599,5000,5000,4975, 36 months,10.65,162.87,B,B2,,10+ years,RENT,24000,Verified,20111201T000000,Fully Paid,n,https://www.lendingclub.com/browse/loanDetail.action?loan_id=1077501,  Borrower added on 12/22/11 > I need to upgrade my business technologies.<br>,credit_card,Computer,860xx,AZ,27.65,0,19850101T000000,1,,,3,0,13648,83.7,9,f,0,0,5861.07,5831.78,5000,861.07,0,0,0,20150101T000000,171.62,,20150101T000000,0,,1,0,Fully Paid,1,0,11,5,0.4,1,1,1,0,8.1435,20141201T000000,1,1,1
1077430,1314167,2500,2500,2500, 60 months,15.27,59.83,C,C4,Ryder,< 1 year,RENT,30000,Source Verified,20111201T000000,Charged Off,n,https://www.lendingclub.com/browse/loanDetail.action?loan_id=1077430,  Borrower added on 12/22/11 > I plan to use this money to finance the motorcycle i am looking at. I plan to have it paid off as soon as possible/when i sell my old bike. I only need this money because the deal im looking at is to good to pass up.<br><br>  Borrower added on 12/22/11 > I plan to use this money to finance the motorcycle i am looking at. I plan to have it paid off as soon as possible/when i sell my old bike.I only need this money because the deal im looking at is to good to pass up. I have finished college with an associates degree in business and its takingmeplaces<br>,car,bike,309xx,GA,1,0,19990401T000000,5,,,3,0,1687,9.4,4,f,0,0,1008.71,1008.71,456.46,435.17,0,117.08,1.11,20130401T000000,119.66,,20130901T000000,0,,1,0,Charged Off,1,1,1,4,0.8,1,1,1,1,2.3932,20161201T000000,1,1,1
1077175,1313524,2400,2400,2400, 36 months,15.96,84.33,C,C5,,10+ years,RENT,12252,Not Verified,20111201T000000,Fully Paid,n,https://www.lendingclub.com/browse/loanDetail.action?loan_id=1077175,,small_business,real estate business,606xx,IL,8.72,0,20011101T000000,2,,,2,0,2956,98.5,10,f,0,0,3003.65,3003.65,2400,603.65,0,0,0,20140601T000000,649.91,,20150201T000000,0,,1,0,Fully Paid,1,0,11,4,1,1,1,1,0,8.25955,20141201T000000,1,1,1
1076863,1277178,10000,10000,10000, 36 months,13.49,339.31,C,C1,AIR RESOURCES BOARD,10+ years,RENT,49200,Source Verified,20111201T000000,Fully Paid,n,https://www.lendingclub.com/browse/loanDetail.action?loan_id=1076863,"  Borrower added on 12/21/11 > to pay for property tax (borrow from friend, need to pay back) & central A/C need to be replace. I'm very sorry to let my loan expired last time.<br>",other,personel,917xx,CA,20,0,19960201T000000,1,35,,10,0,5598,21,37,f,0,0,12226.3,12226.3,10000,2209.33,16.97,0,0,20150101T000000,357.48,,20150101T000000,0,,1,0,Fully Paid,1,0,11,4,0.2,1,1,1,0,8.27585,20141201T000000,0,1,1
1075269,1311441,5000,5000,5000, 36 months,7.9,156.46,A,A4,Veolia Transportaton,3 years,RENT,36000,Source Verified,20111201T000000,Fully Paid,n,https://www.lendingclub.com/browse/loanDetail.action?loan_id=1075269,,wedding,My wedding loan I promise to pay back,852xx,AZ,11.2,0,20041101T000000,3,,,9,0,7963,28.3,12,f,0,0,5631.38,5631.38,5000,631.38,0,0,0,20150101T000000,161.03,,20150201T000000,0,,1,0,Fully Paid,1,0,4,6,0.8,1,1,1,0,5.21533,20141201T000000,1,1,1
1072053,1288686,3000,3000,3000, 36 months,18.64,109.43,E,E1,MKC Accounting ,9 years,RENT,48000,Source Verified,20111201T000000,Fully Paid,n,https://www.lendingclub.com/browse/loanDetail.action?loan_id=1072053,  Borrower added on 12/16/11 > Downpayment for a car.<br>,car,Car Downpayment,900xx,CA,5.35,0,20070101T000000,2,,,4,0,8221,87.5,4,f,0,0,3938.14,3938.14,3000,938.14,0,0,0,20150101T000000,111.34,,20141201T000000,0,,1,0,Fully Paid,1,0,10,2,0.2,1,1,1,0,2.73575,20141201T000000,1,1,1
1071795,1306957,5600,5600,5600, 60 months,21.28,152.39,F,F2,,4 years,OWN,40000,Source Verified,20111201T000000,Charged Off,n,https://www.lendingclub.com/browse/loanDetail.action?loan_id=1071795,  Borrower added on 12/21/11 > I own a small home-based judgment collection business. I have 5 years experience collecting debts. I am now going from a home office to a small office. I also plan to buy a small debt portfolio (eg. $10K for $1M of debt) <br>My score is not A+ because I own my home and have no mortgage.<br>,small_business,Expand Business & Buy Debt Portfolio,958xx,CA,5.55,0,20040401T000000,2,,,11,0,5210,32.6,13,f,0,0,646.02,646.02,162.02,294.94,0,189.06,2.09,20120401T000000,152.39,,20120801T000000,0,,1,0,Charged Off,1,1,5,1,0.4,1,1,1,0,4.5717,20161201T000000,1,1,1
1071570,1306721,5375,5375,5350, 60 months,12.69,121.45,B,B5,Starbucks,< 1 year,RENT,15000,Verified,20111201T000000,Charged Off,n,https://www.lendingclub.com/browse/loanDetail.action?loan_id=1071570,"  Borrower added on 12/16/11 > I'm trying to build up my credit history. I live with my brother and have no car payment or credit cards. I am in community college and work full time. Im going to use the money to make some repairs around the house and get some maintenance done on my car.<br><br>  Borrower added on 12/20/11 > $1000 down only $4375 to go. Thanks to everyone that invested so far, looking forward to surprising my brother with the fixes around the house.<br>",other,Building my credit history.,774xx,TX,18.08,0,20040901T000000,0,,,2,0,9279,36.5,3,f,0,0,1476.19,1469.34,673.48,533.42,0,269.29,2.52,20121101T000000,121.45,,20130301T000000,0,,1,0,Charged Off,1,1,1,5,1,1,1,1,1,9.716,20161201T000000,1,1,1
1070078,1305201,6500,6500,6500, 60 months,14.65,153.45,C,C3,Southwest Rural metro,5 years,OWN,72000,Not Verified,20111201T000000,Fully Paid,n,https://www.lendingclub.com/browse/loanDetail.action?loan_id=1070078,"  Borrower added on 12/15/11 > I had recived a loan from Citi Financial about a year ago, I was paying 29.99 intrest, so the refinance is to cut that rate since cleaning up my credit I have been paying everything on time as shown on my credit report<br>",debt_consolidation,High intrest Consolidation,853xx,AZ,16.12,0,19980101T000000,2,,,14,0,4032,20.6,23,f,0,0,7677.52,7677.52,6500,1177.52,0,0,0,20130601T000000,1655.54,,20130701T000000,0,,1,0,Fully Paid,1,0,6,4,0.6,1,1,1,0,2.5575,20161201T000000,1,1,1
1069908,1305008,12000,12000,12000, 36 months,12.69,402.54,B,B5,UCLA,10+ years,OWN,75000,Source Verified,20111201T000000,Fully Paid,n,https://www.lendingclub.com/browse/loanDetail.action?loan_id=1069908,,debt_consolidation,Consolidation,913xx,CA,10.78,0,19891001T000000,0,,,12,0,23336,67.1,34,f,0,0,13943.1,13943.1,12000,1943.08,0,0,0,20130901T000000,6315.3,,20130801T000000,0,,1,0,Fully Paid,1,0,11,5,1,1,1,1,0,6.44064,20141201T000000,1,1,1
1064687,1298717,9000,9000,9000, 36 months,13.49,305.38,C,C1,Va. Dept of Conservation/Recreation,< 1 year,RENT,30000,Source Verified,20111201T000000,Charged Off,n,https://www.lendingclub.com/browse/loanDetail.action?loan_id=1064687,  Borrower added on 12/15/11 > Plan to pay off 2 charge accounts. I will close one of them and ask for a credit line decrease from the other. Also borrowed money from a friend and would like to pay that off.......<br><br>  Borrower added on 12/17/11 > The credit card that I am asking to be decreased will be ONLY for emergency purposes.....<br>,debt_consolidation,freedom,245xx,VA,10.08,0,20040401T000000,1,,,4,0,10452,91.7,9,f,0,0,2270.7,2270.7,1256.14,570.26,0,444.3,4.16,20120701T000000,305.38,,20121101T000000,0,,1,0,Charged Off,1,1,1,4,0.2,1,1,1,1,12.2152,20141201T000000,1,1,1
1069866,1304956,3000,3000,3000, 36 months,9.91,96.68,B,B1,Target,3 years,RENT,15000,Source Verified,20111201T000000,Fully Paid,n,https://www.lendingclub.com/browse/loanDetail.action?loan_id=1069866,"  Borrower added on 12/19/11 > I intend to pay this debt off within half the time allotted.Home-brewer investing in equipment, hopefully someday a brewpub owner with delicious beers to sell and locally grown produced meat and vegetables.So, this is my start, and thank you for lending! One day I will repay the favor and lend back<br>",credit_card,citicard fund,606xx,IL,12.56,0,20030701T000000,2,,,11,0,7323,43.1,11,f,0,0,3478.98,3478.98,3000,478.98,0,0,0,20150101T000000,102.43,,20150201T000000,0,,1,0,Fully Paid,1,0,4,5,0.2,1,1,1,0,7.7344,20141201T000000,1,1,1
1069057,1303503,10000,10000,10000, 36 months,10.65,325.74,B,B2,SFMTA,3 years,RENT,100000,Source Verified,20111201T000000,Charged Off,n,https://www.lendingclub.com/browse/loanDetail.action?loan_id=1069057,,other,Other Loan,951xx,CA,7.06,0,19910501T000000,2,,,14,0,11997,55.5,29,f,0,0,7471.99,7471.99,5433.47,1393.42,0,645.1,6.3145,20131001T000000,325.74,,20140301T000000,0,,1,0,Charged Off,1,1,4,5,0.4,1,1,1,0,3.90888,20141201T000000,1,1,1
1069759,1304871,1000,1000,1000, 36 months,16.29,35.31,D,D1,Internal revenue Service,< 1 year,RENT,28000,Not Verified,20111201T000000,Fully Paid,n,https://www.lendingclub.com/browse/loanDetail.action?loan_id=1069759,,debt_consolidation,Debt Consolidation Loan,641xx,MO,20.31,0,20070901T000000,1,,,11,0,6524,81.5,23,f,0,0,1270.17,1270.17,1000,270.17,0,0,0,20150101T000000,36.32,,20141201T000000,0,,1,0,Fully Paid,1,0,1,3,0.2,1,1,1,1,1.51329,20141201T000000,1,1,1
1065775,1299699,10000,10000,10000, 36 months,15.27,347.98,C,C4,Chin's Restaurant,4 years,RENT,42000,Not Verified,20111201T000000,Fully Paid,n,https://www.lendingclub.com/browse/loanDetail.action?loan_id=1065775,,home_improvement,Home,921xx,CA,18.6,0,19981001T000000,2,61,,14,0,24043,70.2,28,f,0,0,12519.3,12519.3,10000,2519.26,0,0,0,20150101T000000,370.46,,20141201T000000,0,,1,0,Fully Paid,1,0,5,4,0.8,1,1,1,0,9.94229,20141201T000000,0,1,1
1069971,1304884,3600,3600,3600, 36 months,6.03,109.57,A,A1,Duracell,10+ years,MORTGAGE,110000,Not Verified,20111201T000000,Fully Paid,n,https://www.lendingclub.com/browse/loanDetail.action?loan_id=1069971,  Borrower added on 12/15/11 > Payoff other lending club acct and pull out money for purchase<br><br> Borrower added on 12/15/11 > payoff current lending club account and take money for purchase<br>,major_purchase,Holiday,067xx,CT,10.52,0,19930801T000000,0,,,20,0,22836,16,42,f,0,0,3785.02,3785.02,3600,185.02,0,0,0,20130501T000000,583.45,,20140501T000000,0,,1,0,Fully Paid,1,0,11,6,0.2,1,1,1,0,1.19531,20141201T000000,1,1,1
1062474,1294539,6000,6000,6000, 36 months,11.71,198.46,B,B3,Connection Inspection,1 year,MORTGAGE,84000,Verified,20111201T000000,Fully Paid,n,https://www.lendingclub.com/browse/loanDetail.action?loan_id=1062474,  Borrower added on 12/16/11 > This is a loan i am really looking forward to it will help me and my whole family.  thank you<br><br> Borrower added on 12/18/11 > This loan is for a medical procedure I've been waiting 3 years for hope to get it!! Thanks.<br>,medical,Medical,890xx,UT,18.44,2,20031001T000000,0,8,,4,0,0,37.73,14,f,0,0,7164.5,7164.5,6000,1149.5,15,0,0,20150201T000000,16.98,,20150101T000000,0,,1,0,Fully Paid,1,0,2,5,0.6,0,1,1,0,2.83514,20141201T000000,0,1,1
1069742,1304855,9200,9200,9200, 36 months,6.03,280.01,A,A1,Network Interpreting Service,6 years,RENT,77385,Not Verified,20111201T000000,Fully Paid,n,https://www.lendingclub.com/browse/loanDetail.action?loan_id=1069742,,debt_consolidation,lowerratemeanseasiertogetoutofdebt!,921xx,CA,9.86,0,20010101T000000,0,,,8,0,7314,23.1,28,f,0,0,9459.96,9459.96,9200,259.96,0,0,0,20120701T000000,8061.1,,20120701T000000,0,,1,0,Fully Paid,1,0,7,6,0.2,1,1,1,0,4.34208,20141201T000000,1,1,1
1039153,1269083,21000,21000,21000, 36 months,12.42,701.73,B,B4,Osram Sylvania,10+ years,RENT,105000,Verified,20111201T000000,Charged Off,n,https://www.lendingclub.com/browse/loanDetail.action?loan_id=1039153,  Borrower added on 12/16/11 > Decided to clean up the debt and get my finances together.  Thank you for your consideration.<br>,debt_consolidation,Debt Cleanup,335xx,FL,13.22,0,19830201T000000,0,,,7,0,32135,90.3,38,f,0,0,14025.4,14025.4,10695,3330.44,0,0,0,20130901T000000,701.73,,20131201T000000,0,,1,0,Charged Off,1,1,11,5,0.8,1,1,1,0,8.01977,20141201T000000,1,1,1
1069710,1304821,10000,10000,10000, 36 months,11.71,330.76,B,B3,Value Air,10+ years,OWN,50000,Source Verified,20111201T000000,Fully Paid,n,https://www.lendingclub.com/browse/loanDetail.action?loan_id=1069710,"  Borrower added on 12/17/11 > Have a stable job, will be absolutely no problem making monthly payments.  Loan will be used to close high interest credit card accounts on which I've never had a late payment.<br>",credit_card,Credit Card Loan,799xx,TX,11.18,0,19850701T000000,0,,,8,0,10056,82.4,21,f,0,0,11902.6,11902.6,10000,1902.56,0,0,0,20150101T000000,349.21,,20150201T000000,0,,1,0,Fully Paid,1,0,11,5,0.6,1,1,1,0,7.93824,20141201T000000,1,1,1
1069700,1304810,10000,10000,10000, 36 months,11.71,330.76,B,B3,Wells Fargo Bank,5 years,RENT,50000,Not Verified,20111201T000000,Fully Paid,n,https://www.lendingclub.com/browse/loanDetail.action?loan_id=1069700,,debt_consolidation,Debt Consolidation,917xx,CA,16.01,0,20030401T000000,0,,,6,0,17800,91.8,17,f,0,0,11536.3,11536.3,10000,1536.31,0,0,0,20131001T000000,4942.63,,20140301T000000,0,,1,0,Fully Paid,1,0,6,5,0.6,1,1,1,0,7.93824,20141201T000000,1,1,1
1069559,1304634,6000,6000,6000, 36 months,11.71,198.46,B,B3,bmg-educational,1 year,RENT,76000,Not Verified,20111201T000000,Charged Off,n,https://www.lendingclub.com/browse/loanDetail.action?loan_id=1069559,,major_purchase,cash,900xx,CA,2.4,0,20010601T000000,1,,,7,0,5963,29.7,7,f,0,0,2050.14,2050.14,1305.58,475.25,0,269.31,2.57,20121001T000000,198.46,,20130301T000000,0,,1,0,Charged Off,1,1,2,5,0.6,1,1,1,0,3.13358,20141201T000000,1,1,1
1069697,1273773,15000,15000,15000, 36 months,9.91,483.38,B,B1,Winfield Pathology Consultants,2 years,MORTGAGE,92000,Verified,20111201T000000,Fully Paid,n,https://www.lendingclub.com/browse/loanDetail.action?loan_id=1069697,,credit_card,No more credit card debt!,605xx,IL,29.44,0,20020201T000000,0,,,8,0,13707,93.9,31,f,0,0,15823.5,15823.5,15000,823.48,0,0,0,20120901T000000,2447.05,,20120901T000000,0,,1,0,Fully Paid,1,0,3,5,0.2,1,1,1,0,6.30496,20141201T000000,1,1,1
1069800,1304679,15000,15000,8725, 36 months,14.27,514.64,C,C2,nyc transit,9 years,RENT,60000,Not Verified,20111201T000000,Charged Off,n,https://www.lendingclub.com/browse/loanDetail.action?loan_id=1069800,  Borrower added on 12/15/11 > looking to consolidate into just one monthly payment<br>,debt_consolidation,consolidation,103xx,NY,15.22,0,20031001T000000,1,,,7,0,5872,57.6,11,f,0,0,0,0,0,0,0,0,0,,0,,20120501T000000,0,,1,0,Charged Off,1,1,10,4,0.4,1,1,1,0,10.2928,20141201T000000,1,1,1
1069657,1304764,5000,5000,5000, 60 months,16.77,123.65,D,D2,Frito Lay,2 years,RENT,50004,Not Verified,20111201T000000,Charged Off,n,https://www.lendingclub.com/browse/loanDetail.action?loan_id=1069657,  Borrower added on 12/16/11 > I have a stable job where I will never get laid off.<br><br> Borrower added on 12/16/11 > I need the loan to pay for some recent medical expenses and I need to get my car fixed.<br>,other,Other,150xx,PA,13.97,3,20031001T000000,0,20,,14,0,4345,59.5,22,f,0,0,1609.12,1609.12,629.05,719.11,0,260.96,2.3,20121201T000000,123.65,,20130501T000000,0,,1,0,Charged Off,1,1,3,3,0.4,0,1,1,0,2.96736,20161201T000000,0,1,1
1069799,1304678,4000,4000,4000, 36 months,11.71,132.31,B,B3,Shands Hospital at the University of Fl,10+ years,MORTGAGE,106000,Not Verified,20111201T000000,Fully Paid,n,https://www.lendingclub.com/browse/loanDetail.action?loan_id=1069799,,debt_consolidation,Debt Consolidation,326xx,FL,5.63,1,19840801T000000,0,18,,12,0,6110,37.7,44,f,0,0,4484.79,4484.79,4000,484.79,0,0,0,20130401T000000,2638.77,,20141001T000000,0,,1,0,Fully Paid,1,0,11,5,0.6,0,1,1,0,1.49785,20141201T000000,0,1,1
1047704,1278806,8500,8500,8500, 36 months,11.71,281.15,B,B3,Oakridge homes,< 1 year,RENT,25000,Source Verified,20111201T000000,Fully Paid,n,https://www.lendingclub.com/browse/loanDetail.action?loan_id=1047704,  Borrower added on 12/15/11 > My loan is for paying off my credit cards and being able to get a place to live since I live with my uncle at the moment and he needs me to leave. <br><br>  Borrower added on 12/17/11 > Im responsible and i pay my bills on time if not early. i have a great payment history. having this loan would really help me out. thank you<br>,credit_card,Credit card repayment loan,564xx,MN,12.19,0,20061101T000000,0,,,8,0,6441,59.1,12,f,0,0,10122.2,10122.2,8500,1622.21,0,0,0,20141201T000000,581.59,,20150101T000000,0,,1,0,Fully Paid,1,0,1,5,0.6,1,1,1,1,13.4952,20141201T000000,1,1,1
1032111,1261745,4375,4375,1, 36 months,7.51,136.11,A,A3,,7 years,MORTGAGE,17108,Source Verified,20111201T000000,Fully Paid,n,https://www.lendingclub.com/browse/loanDetail.action?loan_id=1032111,  Borrower added on 12/17/11 > This loan is a great opportunity and will help me gain better control over my finances. The convenience of one payment and one rate will help me save money and create better opportunities for myself for future planning. My career and income are secure and I believe in financial responsibility.<br>,debt_consolidation,Debt Consolidation,141xx,NY,20.34,0,19871201T000000,0,,,6,0,11210,86.9,12,f,0,0,4898.54,4898.54,4375,523.54,0,0,0,20150101T000000,144.94,,20141201T000000,0,,1,0,Fully Paid,1,0,8,6,0.6,1,1,1,0,9.54711,20141201T000000,1,1,1
1069539,1304608,31825,31825,31825, 36 months,7.9,995.82,A,A4,Audubon Mutual Housing Corporation,5 years,MORTGAGE,75000,Verified,20111201T000000,Fully Paid,n,https://www.lendingclub.com/browse/loanDetail.action?loan_id=1069539,"  Borrower added on 12/15/11 > Hello<br>I plan to use my funds to pay off my credit cards 100%.  <br>I pay more in minimum payments now than my loan payment will be and you can see by my credit report that I always repay my debts.<br>I have a very secure job in property management.  I have been with the company for close to 6 years.<br><br> Borrower added on 12/16/11 > In addition to the other info provided I would like to add that a majority of our credit card debt was from overruns when we added an addition to our home.  Unfortunately to finish the job we needed to use credit cards as our home equity line was cut during after the real estate bubble burst.<br><br>  Borrower added on 12/17/11 > One more note regarding my credit card payments.  Currently I have close to $2000.00 dollars a month budgeted.  The less than $1,000.00 loan payment monthly will allow me to save a generous portion of my monthly budget, something I am looking forward to greatly.<br>",debt_consolidation,Debt Consolidation Loan,080xx,NJ,14.03,0,19811101T000000,0,,,12,0,23151,27.4,26,f,0,0,34886.1,34886.1,31825,3061.08,0,0,0,20130801T000000,16966.7,,20150201T000000,0,,1,0,Fully Paid,1,0,6,6,0.8,1,1,1,0,15.9331,20141201T000000,1,1,1
1069591,1304289,5000,5000,5000, 36 months,8.9,158.77,A,A5,Good Samaritan Society,2 years,RENT,24044,Verified,20111201T000000,Fully Paid,n,https://www.lendingclub.com/browse/loanDetail.action?loan_id=1069591,  Borrower added on 12/16/11 > The purpose of this loan is to pay off a couple of high interest credicards and holidays expenses so I can start the new year having only one creditor. Thank you for making this possible.Merry Christmas e a Prosperous New Year to all. Thank you<br>,debt_consolidation,Consolidation,974xx,OR,11.93,0,20050401T000000,0,45,,8,0,2224,29.3,16,f,0,0,5714.59,5714.59,5000,714.59,0,0,0,20150101T000000,163.64,,20141201T000000,0,,1,0,Fully Paid,1,0,3,6,1,1,1,1,0,7.92397,20141201T000000,0,1,1
1069530,1291365,7000,7000,7000, 36 months,15.96,245.97,C,C5,GREG BARRETT DRYWALL,7 years,RENT,34000,Source Verified,20111201T000000,Fully Paid,n,https://www.lendingclub.com/browse/loanDetail.action?loan_id=1069530,,credit_card,Credit Card Loan,934xx,CA,6.35,0,20071001T000000,1,,,6,0,6113,60.5,6,f,0,0,8848.94,8848.94,7000,1848.94,0,0,0,20150101T000000,260.74,,20141201T000000,0,,1,0,Fully Paid,1,0,8,4,1,1,1,1,0,8.68129,20141201T000000,1,1,1
1069522,1304589,12400,12400,12400, 36 months,10.65,403.91,B,B2,Sharp Lawn Inc.,10+ years,RENT,41000,Not Verified,20111201T000000,Fully Paid,n,https://www.lendingclub.com/browse/loanDetail.action?loan_id=1069522,  Borrower added on 12/16/11 > I plan to use the funding from this loan to pay off my credit cards in order to obtain lower interest rates and to have only one payment per month. I will be saving around $80 per month on interest including loan fees. I plan on using extra money to start an IRA. Worked at same business for 10 years<br>,credit_card,December 2011 Credit Card Loan,405xx,KY,11.8,0,20050701T000000,2,,,9,0,11095,57.2,12,f,0,0,14537.5,14537.5,12400,2137.46,0,0,0,20150101T000000,417.61,,20141201T000000,0,,1,0,Fully Paid,1,0,11,5,0.4,1,1,1,0,11.8218,20141201T000000,1,1,1
1069361,1304255,10800,10800,10800, 36 months,9.91,348.03,B,B1,Department of Justice,2 years,RENT,55596,Source Verified,20111201T000000,Fully Paid,n,https://www.lendingclub.com/browse/loanDetail.action?loan_id=1069361,"  Borrower added on 12/19/11 > I have a very stable job &amp; am moving to get a better position. Thanks for your help!<br><br>  Borrower added on 12/22/11 > Almost there, am ready to take care of business, Merry Christmas! ^_^<br>",moving,Moving to better job; help a veteran!,946xx,CA,5.5,0,20001201T000000,0,,,7,0,2535,13.3,18,f,0,0,12157.2,12157.2,10800,1357.2,0,0,0,20131101T000000,3483.79,,20140701T000000,0,,1,0,Fully Paid,1,0,3,5,0.2,1,1,1,0,7.51198,20141201T000000,1,1,1
1069357,1304251,15000,15000,15000, 36 months,7.9,469.36,A,A4,Gateway Hospice,1 year,RENT,45000,Verified,20111201T000000,Fully Paid,n,https://www.lendingclub.com/browse/loanDetail.action?loan_id=1069357,  Borrower added on 12/15/11 > I am looking to pay off all my credit cards and have one lump sum to pay each month.  I graduated with my masters 2 years ago.  It took me a year to find a good job and I have been with them for a year now.  The next thing for me to fix in my life is my credit situation.  If I can pay one lump sum I will be saving money each month.  I would really appreciate the consideration of being approved.<br>,debt_consolidation,Debt Consolidation Loan,445xx,OH,8.48,0,20041101T000000,0,,,7,0,6704,50.4,27,f,0,0,16662.6,16662.6,15000,1662.6,0,0,0,20140101T000000,5872.8,,20150201T000000,0,,1,0,Fully Paid,1,0,2,6,0.8,1,1,1,0,12.5163,20141201T000000,1,1,1
1069356,1304250,6000,6000,6000, 36 months,12.42,200.5,B,B4,Cox Communications,1 year,RENT,36852,Source Verified,20111201T000000,Fully Paid,n,https://www.lendingclub.com/browse/loanDetail.action?loan_id=1069356,"  Borrower added on 12/15/11 > This loan will be used to clear out my current credit cards to $0 balances and close them.  I have really high interest rates on them and chasing multiple minimum payments around is not working out so well.<br><br> Borrower added on 12/15/11 > I currently pay about $480 per month in minimums and have the lower interest rate is going to lower the payments so much, that i will actualy be paying this loan off in about half the time as ihave already learned to live with the 480 per month. <br><br>  Borrower added on 12/16/11 > For te consolidation of credit cards and to clear all revolving debt.<br>",debt_consolidation,Credit Card Consolidation,850xx,AZ,10.62,0,20070401T000000,1,,,7,0,7310,66.5,12,f,0,0,7125.28,7125.28,6000,1125.28,0,0,0,20140401T000000,1923.53,,20150101T000000,0,,1,0,Fully Paid,1,0,2,5,0.8,1,1,1,0,6.52882,20141201T000000,1,1,1
1067573,1301955,9600,9600,9600, 36 months,7.51,298.67,A,A3,Nucor Building Systems,4 years,RENT,68004,Source Verified,20111201T000000,Fully Paid,n,https://www.lendingclub.com/browse/loanDetail.action?loan_id=1067573,  Borrower added on 12/15/11 > Funds will be used for an upcoming wedding.<br>I have a very stable job and will have no problems paying back the funds.<br>,other,Other Loan,292xx,SC,6.63,0,20030101T000000,0,,,6,0,2896,18.1,11,f,0,0,10749.8,10749.8,9600,1149.76,0,0,0,20150101T000000,311.56,,20141201T000000,0,,1,0,Fully Paid,1,0,5,6,0.6,1,1,1,0,5.27034,20141201T000000,1,1,1
1069506,1304567,12000,12000,12000, 36 months,7.9,375.49,A,A4,John Wiley Jr.,10+ years,RENT,62300,Not Verified,20111201T000000,Fully Paid,n,https://www.lendingclub.com/browse/loanDetail.action?loan_id=1069506,  Borrower added on 12/15/11 > To be used to payoff high interest loans.<br>,debt_consolidation,Debt Consolidation,088xx,NJ,16.7,0,19940301T000000,0,38,,15,0,8601,21,25,f,0,0,13516.4,13516.4,12000,1516.38,0,0,0,20150101T000000,380.98,,20150201T000000,0,,1,0,Fully Paid,1,0,11,6,0.8,1,1,1,0,7.23255,20141201T000000,0,1,1
1069314,1304202,3000,3000,3000, 36 months,18.25,108.84,D,D5,,9 years,MORTGAGE,65000,Not Verified,20111201T000000,Fully Paid,n,https://www.lendingclub.com/browse/loanDetail.action?loan_id=1069314,"  Borrower added on 12/15/11 > Combination of things, including a higher-then expected school tax bill, short term year-end cashflow pinch. <br><br>I intend to pay this off ASAP, once one of my client projects wraps up. <br><br>My business is increasing steadily - recovering nicely from the credit crunch, which affected many of my clientele in 2009 &amp; 2010.<br><br>PS:  I've never been late with a payment. Ever. ;-)<br><br>Thank you ... and happy holidays!<br>",other,Year End Cleanup,180xx,PA,17.39,0,19980901T000000,0,,,8,0,43936,98.1,22,f,0,0,3915.03,3915.03,3000,915.03,0,0,0,20150101T000000,115.38,,20141201T000000,0,,1,0,Fully Paid,1,0,10,3,1,1,1,1,0,2.00935,20141201T000000,1,1,1
1060578,1292332,4400,4400,4400, 36 months,16.77,156.37,D,D2,citizens bank,10+ years,RENT,55000,Not Verified,20111201T000000,Fully Paid,n,https://www.lendingclub.com/browse/loanDetail.action?loan_id=1060578,,debt_consolidation,debt,029xx,RI,20.01,0,20040601T000000,0,,,7,0,25237,99,11,f,0,0,5626.89,5626.89,4400,1226.89,0,0,0,20150101T000000,162.44,,20150201T000000,0,,1,0,Fully Paid,1,0,11,3,0.4,1,1,1,0,3.41171,20141201T000000,1,1,1
1069469,1304526,6000,6000,6000, 36 months,6.03,182.62,A,A1,"Stewart Enterprises, Inc.",10+ years,MORTGAGE,45600,Not Verified,20111201T000000,Fully Paid,n,https://www.lendingclub.com/browse/loanDetail.action?loan_id=1069469,  Borrower added on 12/16/11 > Debt Consolidation Loan - Student Loan/Credit Card<br>,debt_consolidation,Debt-Consolidation ,700xx,LA,5.34,0,19951101T000000,1,,,6,0,3378,32.5,28,f,0,0,6065.86,6065.86,6000,65.86,0,0,0,20120701T000000,15.01,,20120601T000000,0,,1,0,Fully Paid,1,0,11,6,0.2,1,1,1,0,4.80579,20141201T000000,1,1,1
1051117,1282787,14000,14000,14000, 36 months,9.91,451.15,B,B1,golfers warehouse,6 years,RENT,80000,Not Verified,20111201T000000,Fully Paid,n,https://www.lendingclub.com/browse/loanDetail.action?loan_id=1051117,  Borrower added on 12/15/11 > i am opening a small business and need a small amount to finalize the process<br><br>  Borrower added on 12/17/11 > i have over 8 years of profesional experience in this low cost/high return market.  my employee has over 12 years experience as well.<br>,small_business,Small Business Loan,010xx,MA,10,0,19990701T000000,1,45,,7,0,2219,13.4,40,f,0,0,16239.9,16239.9,14000,2239.91,0,0,0,20150101T000000,457.91,,20141201T000000,0,,1,0,Fully Paid,1,0,7,5,0.2,1,1,1,0,6.76725,20141201T000000,0,1,1
1069465,1304521,5000,5000,5000, 36 months,8.9,158.77,A,A5,STERIS Corporation,10+ years,MORTGAGE,100000,Source Verified,20111201T000000,Charged Off,n,https://www.lendingclub.com/browse/loanDetail.action?loan_id=1069465,,debt_consolidation,Debt Consolidation for a better life,441xx,OH,16.33,0,19950601T000000,0,,,17,0,74351,62.1,35,f,0,0,4914.37,4914.37,4217.38,696.99,0,0,0,20140801T000000,158.77,,20141201T000000,0,,1,0,Charged Off,1,1,11,6,1,1,1,1,0,1.90524,20141201T000000,1,1,1
1069283,1304166,10000,10000,10000, 36 months,10.65,325.74,B,B2,Costco Wholesale Corp.,6 years,RENT,27000,Verified,20111201T000000,Fully Paid,n,https://www.lendingclub.com/browse/loanDetail.action?loan_id=1069283,,other,Other Loan,104xx,NY,11.47,0,20061101T000000,0,,,7,0,7814,52.3,10,f,0,0,11724.6,11724.6,10000,1724.57,0,0,0,20150101T000000,332.92,,20150201T000000,0,,1,0,Fully Paid,1,0,7,5,0.4,1,1,1,0,14.4773,20141201T000000,1,1,1
1069287,1304171,10000,10000,10000, 36 months,6.03,304.36,A,A1,Helicoil,10+ years,RENT,60000,Not Verified,20111201T000000,Fully Paid,n,https://www.lendingclub.com/browse/loanDetail.action?loan_id=1069287,,credit_card,Credit Card Loan,067xx,CT,12.74,0,19920901T000000,1,,,11,0,14019,19.5,18,f,0,0,10282.7,10282.7,10000,282.67,0,0,0,20120701T000000,8762.05,,20150201T000000,0,,1,0,Fully Paid,1,0,11,6,0.2,1,1,1,0,6.0872,20141201T000000,1,1,1
1069453,1303701,11000,11000,11000, 36 months,6.62,337.75,A,A2,cognizant technology solutions,5 years,RENT,70000,Not Verified,20111201T000000,Fully Paid,n,https://www.lendingclub.com/browse/loanDetail.action?loan_id=1069453,,debt_consolidation,Debt Consolitation ,061xx,CT,10.85,0,20020101T000000,0,,,5,0,11638,36.4,7,f,0,0,12157.4,12157.4,11000,1157.38,0,0,0,20150101T000000,346.13,,20150201T000000,0,,1,0,Fully Paid,1,0,6,6,0.4,1,1,1,0,5.79,20141201T000000,1,1,1
1069248,1304123,15000,15000,15000, 36 months,9.91,483.38,B,B1,Caterpillar Inc.,8 years,MORTGAGE,80000,Not Verified,20111201T000000,Default,n,https://www.lendingclub.com/browse/loanDetail.action?loan_id=1069248,  Borrower added on 12/15/11 > Using to pay off existing loans and credit card debt<br><br>  Borrower added on 12/16/11 > All are of a higher interest rate so this interest rate is substantionaly lower giving me peace of mind..<br><br>  Borrower added on 12/18/11 > My job is very stable and I have seniority over more than 80% of the workforce which makes it highly unlikely for me to get laid off..I made it through the 2008 economic downturn without a beat and I still have unlimited overtime oppurtunity<br>,debt_consolidation,Debt Consolidation Loan,616xx,IL,9.12,0,19920401T000000,2,,,9,0,11845,63.7,28,f,1443.55,1443.55,15955,15955,13556.5,2374.34,24.17,0,0,20141001T000000,483.38,20150301T000000,20150201T000000,0,,1,0,Default,1,1,9,5,0.2,1,1,1,0,7.2507,20141201T000000,1,1,1
1068120,1302485,25600,25600,25350, 36 months,9.91,824.96,B,B1,City of Santa Monica ,9 years,RENT,110000,Verified,20111201T000000,Fully Paid,n,https://www.lendingclub.com/browse/loanDetail.action?loan_id=1068120,"  Borrower added on 12/14/11 > I would like to clear my credit card balances and consolidate as single payment, I am in good standing on all my credits and never missed a payment.<br>",credit_card,Credit card refinance loan,913xx,CA,15.71,0,19990701T000000,0,,,11,0,26088,62,27,f,0,0,29695.6,29405.6,25600,4095.62,0,0,0,20150101T000000,838.27,,20150201T000000,0,,1,0,Fully Paid,1,0,10,5,0.2,1,1,1,0,8.99956,20141201T000000,1,1,1
1069244,1304117,7000,7000,7000, 36 months,10.65,228.02,B,B2,Aerotek Scientific,< 1 year,RENT,40000,Not Verified,20111201T000000,Fully Paid,n,https://www.lendingclub.com/browse/loanDetail.action?loan_id=1069244,,debt_consolidation,Loan 12142011,947xx,CA,7.38,0,20040401T000000,0,,,7,0,12168,92.9,12,f,0,0,8205.47,8205.47,7000,1205.47,0,0,0,20150101T000000,240.27,,20141201T000000,0,,1,0,Fully Paid,1,0,1,5,0.4,1,1,1,1,6.8406,20141201T000000,1,1,1
1069243,1304116,12000,12000,12000, 36 months,15.96,421.65,C,C5,Chemat Technology Inc,4 years,RENT,50000,Not Verified,20111201T000000,Charged Off,n,https://www.lendingclub.com/browse/loanDetail.action?loan_id=1069243,,car,Car Loan,914xx,CA,20.88,0,20061001T000000,2,,,11,0,15793,90.8,11,f,0,0,3521.95,3521.95,1903.66,1039.35,0,578.94,5.49,20120801T000000,421.65,,20121201T000000,0,,1,0,Charged Off,1,1,5,4,1,1,1,1,0,10.1196,20141201T000000,1,1,1
1069238,1303909,12000,12000,12000, 36 months,9.91,386.7,B,B1,Scott & White,1 year,RENT,46000,Not Verified,20111201T000000,Fully Paid,n,https://www.lendingclub.com/browse/loanDetail.action?loan_id=1069238,"  Borrower added on 12/19/11 > I got crazy with my credit cards in college and now its time to finally pay it all down. I just want a one stop shop to consolidate all my debt so I can feel like I actually am paying my cards down, and also so I can start saving.<br><br> Borrower added on 12/19/11 > Please help me to get rid of my credit card debt in 3 years or less. I've made the mistake of spending too much in college and now it's time to finally pay it all down! One monthly payment and a lower interest rate will definitely help me to reach my goal, and to really start saving for my future.<br>",credit_card,Credit Cards,765xx,TX,8.11,0,20000501T000000,1,,,11,0,12143,52.1,12,f,0,0,13748.2,13748.2,12000,1748.21,0,0,0,20140701T000000,964.73,,20140701T000000,0,,1,0,Fully Paid,1,0,2,5,0.2,1,1,1,0,10.0878,20141201T000000,1,1,1
1069410,1303652,21000,21000,20975, 60 months,19.91,555.33,E,E4,Costco,7 years,RENT,50000,Verified,20111201T000000,Charged Off,n,https://www.lendingclub.com/browse/loanDetail.action?loan_id=1069410,  Borrower added on 12/20/11 > consolidation  of credit cards.<br>,debt_consolidation, Bill pay of,980xx,WA,21.58,0,19980901T000000,1,,,7,0,19448,97.6,14,f,0,0,18319.1,18297.3,8990.81,9328.33,0,0,0,20141001T000000,555.33,,20150201T000000,0,,1,0,Charged Off,1,1,8,2,0.8,1,1,1,0,13.3279,20161201T000000,1,1,1
1068409,1302790,16000,16000,15950, 60 months,19.91,423.11,E,E4,CA Technologies,7 years,RENT,81000,Verified,20111201T000000,Fully Paid,n,https://www.lendingclub.com/browse/loanDetail.action?loan_id=1068409,"  Borrower added on 12/16/11 > Will use this opportunity to consolidate my high interest debt obligations, a mojority of which were accrued during school years (undergraduate and graduate degree programs). <br><br>My credit history from the past 10+ years is testament to the fact that i have never missed a payment.<br>",credit_card,refinance debt,017xx,MA,20.52,0,19981201T000000,3,,,12,0,27884,75.1,21,f,0,0,20876.1,20810.9,16000,4876.1,0,0,0,20131001T000000,9931.02,,20150201T000000,0,,1,0,Fully Paid,1,0,8,2,0.8,1,1,1,0,6.2683,20161201T000000,1,1,1
1068487,1302882,10000,10000,10000, 36 months,12.42,334.16,B,B4,Netflix,< 1 year,OWN,39000,Not Verified,20111201T000000,Fully Paid,n,https://www.lendingclub.com/browse/loanDetail.action?loan_id=1068487,,debt_consolidation,Debt Consolidation Loan,972xx,OR,18.58,0,20041201T000000,0,,,5,0,12874,72.7,10,f,0,0,11474.8,11474.8,10000,1474.76,0,0,0,20130701T000000,5803.94,,20150201T000000,0,,1,0,Fully Paid,1,0,1,5,0.8,1,1,1,1,10.2818,20141201T000000,1,1,1
1043961,1274517,10000,10000,10000, 36 months,10.65,325.74,B,B2,DCAA,2 years,RENT,51400,Not Verified,20111201T000000,Fully Paid,n,https://www.lendingclub.com/browse/loanDetail.action?loan_id=1043961,"  Borrower added on 12/21/11 > I plan to use the funds to pay off all of my credit card debt. I have always been a responsible individual, paid my bills on time, and have never been unemployed. I have a stable job in an in-demand industry. I keep a monthly budget of my income and expenses.<br>",credit_card,My End to Bad Spending Habits Plan,752xx,TX,19.14,0,20001001T000000,3,,,10,0,10160,59.1,24,f,0,0,10575.9,10575.9,10000,575.94,0,0,0,20120801T000000,8627.74,,20140901T000000,0,,1,0,Fully Paid,1,0,3,5,0.4,1,1,1,0,7.60482,20141201T000000,1,1,1
1068945,1287308,7100,7100,7100, 36 months,16.77,252.33,D,D2,Triple D security ,1 year,MORTGAGE,33000,Verified,20111201T000000,Fully Paid,n,https://www.lendingclub.com/browse/loanDetail.action?loan_id=1068945, I wna apply for $7100 loan to pay off all credit cards n line of credit I have n hospital bill. If I do get loan I can definitely pay the monthly payments back.<br> Borrower added on 12/14/11 > I only want a loan of $7100. If I can get this that would b great. <br>,debt_consolidation,To pay of all debt,787xx,TX,24,0,20070401T000000,2,,,4,0,6021,91.2,8,f,0,0,9079.33,9079.33,7100,1979.33,0,0,0,20150101T000000,262.78,,20150201T000000,0,,1,0,Fully Paid,1,0,2,3,0.4,1,1,1,0,9.17564,20141201T000000,1,1,1
1069136,1278095,17675,17675,17675, 60 months,14.65,417.25,C,C3,webb candy,< 1 year,RENT,50000,Source Verified,20111201T000000,Fully Paid,n,https://www.lendingclub.com/browse/loanDetail.action?loan_id=1069136,"  Borrower added on 12/07/11 > I am trying to wrap everything together - I currently pay well over 700 a month for this debt, and have NEVER been late.  ",debt_consolidation,Debt Consolidation Loan,540xx,WI,16.46,0,20020701T000000,2,,,6,0,6661,57.4,14,f,0,0,21323.4,21323.4,17675,3648.43,0,0,0,20130801T000000,13814.8,,20140201T000000,0,,1,0,Fully Paid,1,0,1,4,0.6,1,1,1,1,10.014,20161201T000000,1,1,1
1068923,1303549,8000,8000,8000, 36 months,16.77,284.31,D,D2,Omniplex ,< 1 year,RENT,62000,Not Verified,20111201T000000,Fully Paid,n,https://www.lendingclub.com/browse/loanDetail.action?loan_id=1068923,  Borrower added on 12/16/11 > I am looking to pay down my high interest revolving credit card accounts in full with this loan<br>,debt_consolidation,Debt Consolidation Loan,225xx,VA,21.64,0,20060701T000000,3,,,14,0,6088,66.9,20,f,0,0,10267.3,10267.3,8000,2252.27,14.9888,0,0,20141201T000000,606.54,,20141201T000000,0,,1,0,Fully Paid,1,0,1,3,0.4,1,1,1,1,5.50277,20141201T000000,1,1,1
1069102,1303750,3500,3500,3500, 36 months,10.65,114.01,B,B2,CPI,7 years,MORTGAGE,55000,Not Verified,20111201T000000,Fully Paid,n,https://www.lendingclub.com/browse/loanDetail.action?loan_id=1069102,  Borrower added on 12/15/11 > pay off credit cards<br>,debt_consolidation,blessings,437xx,OH,5.39,0,20051001T000000,1,,,9,0,6611,45.9,12,f,0,0,4103.17,4103.17,3500,603.17,0,0,0,20150101T000000,118.32,,20141201T000000,0,,1,0,Fully Paid,1,0,8,5,0.4,1,1,1,0,2.48749,20141201T000000,1,1,1
1069093,1303740,12500,8925,8925, 60 months,17.27,223.11,D,D3,grandma kitchen,5 years,RENT,30000,Source Verified,20111201T000000,Charged Off,n,https://www.lendingclub.com/browse/loanDetail.action?loan_id=1069093,  Borrower added on 12/16/11 > So I can pay all my bills so I will have just one monthy payment .<br>,debt_consolidation,allen,559xx,MN,13.16,0,19950401T000000,0,,113,7,1,9844,70.8,28,f,0,0,5577.75,5577.75,2812.82,2742.43,0,22.5,0,20140201T000000,223.11,,20140401T000000,0,,1,0,Charged Off,1,1,6,3,0.6,1,0,1,0,8.9244,20161201T000000,1,0,1
1069030,1303473,16425,16425,16425, 36 months,14.27,563.53,C,C2,"Gen-Probe, Inc",4 years,RENT,44544,Source Verified,20111201T000000,Fully Paid,n,https://www.lendingclub.com/browse/loanDetail.action?loan_id=1069030,  Borrower added on 12/14/11 > looking to find a loan to consolidate my credit card debts at a lower interest rate.  currently paying 700/month and have never missed a payment.  high interest rates make it hard to pay down the debt.<br>,debt_consolidation,New Start,921xx,CA,22.71,0,20021001T000000,1,,,10,0,15747,83.4,18,f,0,0,18172.7,18172.7,16425,1747.71,0,0,0,20121101T000000,13108.7,,20150201T000000,0,,1,0,Fully Paid,1,0,5,4,0.4,1,1,1,0,15.1813,20141201T000000,1,1,1
1068906,1303528,8200,8200,8200, 60 months,21.28,223.14,F,F2,autozone,4 years,RENT,75000,Source Verified,20111201T000000,Charged Off,n,https://www.lendingclub.com/browse/loanDetail.action?loan_id=1068906,  Borrower added on 12/15/11 > Business/credit card<br>,small_business,Small_Business Loan,912xx,CA,12.48,0,20000101T000000,3,,,6,0,9012,73.9,11,f,0,0,4173.57,4173.57,1525.83,2265.85,0,381.89,3.6,20130601T000000,223.14,,20131001T000000,0,,1,0,Charged Off,1,1,5,1,0.4,1,1,1,0,3.57024,20161201T000000,1,1,1
1069073,1303718,15000,15000,15000, 36 months,14.65,517.42,C,C3,USAF Civil Service,2 years,OWN,61000,Verified,20111201T000000,Fully Paid,n,https://www.lendingclub.com/browse/loanDetail.action?loan_id=1069073,"  Borrower added on 12/14/11 > I calculated refinancing would allow me to pay off my credit debt a year earlier and save around $6,000.  <br>",credit_card,Credit Refinance,325xx,FL,11.88,0,20040601T000000,1,,,8,0,19397,79.5,18,f,0,0,18562.4,18562.4,15000,3562.4,0,0,0,20140901T000000,2533.38,,20150201T000000,0,,1,0,Fully Paid,1,0,3,4,0.6,1,1,1,0,10.1788,20141201T000000,1,1,1
1069043,1303486,20975,13575,13550, 60 months,17.58,341.63,D,D4,Dollar Tree Stores,5 years,MORTGAGE,44000,Verified,20111201T000000,Fully Paid,n,https://www.lendingclub.com/browse/loanDetail.action?loan_id=1069043,  Borrower added on 12/18/11 > We are looking to consolidate and wipe out all of our exisiting credit card debt. With this loan we will be able to save several hundred dollars a month which we plan to put back into our budget as savings or investments.<br>,credit_card,Refinance Loan,300xx,GA,18.79,0,20000401T000000,0,,105,13,1,20657,79.4,21,f,0,0,18097.3,18064.1,13575,4522.34,0,0,0,20140401T000000,9245.21,,20140401T000000,0,,1,0,Fully Paid,1,0,6,3,0.8,1,0,1,0,9.31718,20161201T000000,1,0,1
1060981,1292558,6400,6400,6400, 36 months,16.77,227.45,D,D2,"Riverside County, California",5 years,RENT,75000,Not Verified,20111201T000000,Charged Off,n,https://www.lendingclub.com/browse/loanDetail.action?loan_id=1060981,  Borrower added on 12/14/11 > Debt consolidation<br>,debt_consolidation,Help,923xx,CA,20.22,0,19941201T000000,0,48,,9,0,7159,67.5,27,f,0,0,4776.45,4776.45,3334.25,1431.91,0,10.29,0,20131001T000000,227.45,,20140301T000000,0,,1,0,Charged Off,1,1,6,3,0.4,1,1,1,0,3.6392,20141201T000000,0,1,1
1069071,1303716,3000,3000,3000, 36 months,13.49,101.8,C,C1,Insight Card Services,1 year,RENT,33600,Not Verified,20111201T000000,Fully Paid,n,https://www.lendingclub.com/browse/loanDetail.action?loan_id=1069071,,debt_consolidation,Credit Card Consolidation,352xx,AL,18.11,0,20051001T000000,0,41,,4,0,2745,83.2,7,f,0,0,3246.8,3246.8,3000,246.8,0,0,0,20120901T000000,2539.58,,20150101T000000,0,,1,0,Fully Paid,1,0,2,4,0.2,1,1,1,0,3.63571,20141201T000000,0,1,1
1069070,1299004,12000,12000,12000, 36 months,16.77,426.47,D,D2,Genocea Biosciences,3 years,RENT,50000,Not Verified,20111201T000000,Fully Paid,n,https://www.lendingclub.com/browse/loanDetail.action?loan_id=1069070,  Borrower added on 12/14/11 > This loan is for credit card consolidation so that I can get on the path to making better financial decisions. Thank-you for funding me!<br><br>  Borrower added on 12/18/11 > I also want to  add that I have never been late with a bill payment and I will make sure your investment is well worth it. Thanks again for helping me out!<br>,credit_card,Credit Card Consolidation,013xx,MA,20.57,0,20050901T000000,1,,,13,0,11443,97,19,f,0,0,15346.5,15346.5,12000,3346.47,0,0,0,20150101T000000,441.52,,20141201T000000,0,,1,0,Fully Paid,1,0,4,3,0.4,1,1,1,0,10.2353,20141201T000000,1,1,1
1068893,1303514,14400,14400,14400, 36 months,8.9,457.25,A,A5,Model Metrics,< 1 year,OWN,150000,Source Verified,20111201T000000,Fully Paid,n,https://www.lendingclub.com/browse/loanDetail.action?loan_id=1068893,  Borrower added on 12/15/11 > I have some 0% interest store credit that is coming due.  Back interest of about $3500 would need to be paid and ongoing 17.99 APR.  I figure I could save about $5500 with this loan.  Thanks for your help.<br>,debt_consolidation,Credit Payoff 14400,146xx,NY,14.85,0,19941201T000000,0,,,12,0,63864,55,38,f,0,0,16459.5,16459.5,14400,2059.52,0,0,0,20150101T000000,464.02,,20141201T000000,0,,1,0,Fully Paid,1,0,1,6,1,1,1,1,1,3.658,20141201T000000,1,1,1
1068882,1303303,12000,12000,12000, 36 months,14.65,413.94,C,C3,Boro of Butler,10+ years,RENT,90000,Not Verified,20111201T000000,Fully Paid,n,https://www.lendingclub.com/browse/loanDetail.action?loan_id=1068882,,debt_consolidation,Debt Consolidation Loan,074xx,NJ,16.56,0,19841201T000000,2,40,,12,0,17116,78.5,36,f,0,0,12699.5,12699.5,12000,699.48,0,0,0,20120601T000000,11046.6,,20140501T000000,0,,1,0,Fully Paid,1,0,11,4,0.6,1,1,1,0,5.5192,20141201T000000,0,1,1
